date,from,to,type,note,source
2016-10-27,Essential Consultants,Stormy Daniels,payment,130000,https://www.vox.com/2018/5/16/17363242/michael-cohen-trump-avenatti-leaks-financial-records
2017-01-15,Columbus Nova,Essential Consultants,payment,62500,https://www.vox.com/2018/5/16/17363242/michael-cohen-trump-avenatti-leaks-financial-records
2017-02-15,Columbus Nova,Essential Consultants,payment,62500,https://www.vox.com/2018/5/16/17363242/michael-cohen-trump-avenatti-leaks-financial-records
2017-03-15,Columbus Nova,Essential Consultants,payment,62500,https://www.vox.com/2018/5/16/17363242/michael-cohen-trump-avenatti-leaks-financial-records
2017-04-15,Columbus Nova,Essential Consultants,payment,62500,https://www.vox.com/2018/5/16/17363242/michael-cohen-trump-avenatti-leaks-financial-records
2017-05-15,Columbus Nova,Essential Consultants,payment,62500,https://www.vox.com/2018/5/16/17363242/michael-cohen-trump-avenatti-leaks-financial-records
2017-06-15,Columbus Nova,Essential Consultants,payment,62500,https://www.vox.com/2018/5/16/17363242/michael-cohen-trump-avenatti-leaks-financial-records
2017-07-15,Columbus Nova,Essential Consultants,payment,62500,https://www.vox.com/2018/5/16/17363242/michael-cohen-trump-avenatti-leaks-financial-records
2017-08-15,Columbus Nova,Essential Consultants,payment,62500,https://www.vox.com/2018/5/16/17363242/michael-cohen-trump-avenatti-leaks-financial-records
2016-10-17,Michael D Cohen,Essential Consultants,association,founded,https://en.wikipedia.org/wiki/Stormy_Daniels%E2%80%93Donald_Trump_scandal
2016-01-15,Renova Group,Columbus Nova,investment,15000000,https://www.vox.com/2018/5/16/17363242/michael-cohen-trump-avenatti-leaks-financial-records
2016-01-20,Columbus Nova,Gawker Media,investment,15000000,https://www.vox.com/2018/5/16/17363242/michael-cohen-trump-avenatti-leaks-financial-records
2000-01-15,Andrew Intrater,Columbus Nova,association,runs,https://web.archive.org/web/20180509003139/http://www.columbusnova.com/andrew_intrater.html
2017-01-09,Andrew Intrater,Michael D Cohen,association,met,https://themoscowproject.org/collusion/new-york-times-reveals-meeting-between-cohen-vekselberg-intrater/
2016-01-01,Andrew Intrater,Trump Inaguration,payment,250000,NA
1990-01-01,Viktor Vekselberg,Renova Group,association,owner,https://en.wikipedia.org/wiki/Renova_Group
2017-01-01,Andrew Intrater,Viktor Vekselberg,association,cousin,NA
2017-01-01,Viktor Vekselberg,Andrew Intrater,association,cousin,NA
2017-01-20,Viktor Vekselberg,Trump Inaguration,association,attended,https://www.nbcnews.com/politics/donald-trump/meet-nice-russian-oligarch-linked-trump-lawyer-michael-cohen-n872716
2017-01-20,Andrew Intrater,Trump Inaguration,association,attended,https://nypost.com/2018/05/11/mueller-probing-foreign-donations-to-trumps-inauguration-committee/
2018-04-06,US Govt,Viktor Vekselberg,association,sanctioned for meddling,http://time.com/5271000/michael-cohen-essential-consultants-novartis-vekselberg-att/
2006-06-01,Michael D Cohen,Donald J Trump,association,works for,https://www.usnews.com/news/national-news/articles/2018-04-16/10-things-you-didnt-know-about-michael-cohen
2017-10-05,Novartis,Essential Consultants,payment,99980,https://www.vox.com/2018/5/16/17363242/michael-cohen-trump-avenatti-leaks-financial-records
2017-11-03,Novartis,Essential Consultants,payment,99980,https://www.vox.com/2018/5/16/17363242/michael-cohen-trump-avenatti-leaks-financial-records
2017-12-01,Novartis,Essential Consultants,payment,99980,https://www.vox.com/2018/5/16/17363242/michael-cohen-trump-avenatti-leaks-financial-records
2018-01-05,Novartis,Essential Consultants,payment,99980,https://www.vox.com/2018/5/16/17363242/michael-cohen-trump-avenatti-leaks-financial-records
2018-01-30,Novartis,Essential Consultants,payment,800080,https://www.vox.com/2018/5/16/17363242/michael-cohen-trump-avenatti-leaks-financial-records
2017-12-10,ATT,Essential Consultants,payment,600000,https://www.theatlantic.com/technology/archive/2018/05/the-strange-case-of-atts-payments-to-michael-cohen/559994/
2011-05-01,Stormy Daniels,Keith M Davidson,association,represented by,https://www.cnn.com/2018/04/04/politics/stormy-daniels-karen-mcdougal-deals-keith-davidson-invs/index.html
2015-12-01,Viktor Vekselberg,Vladimir Putin,association,dines with,https://www.nbcnews.com/politics/donald-trump/meet-nice-russian-oligarch-linked-trump-lawyer-michael-cohen-n872716
2017-11-27,Korea Aerospace,Essential Consultants,payment,150000,https://www.vox.com/2018/5/16/17363242/michael-cohen-trump-avenatti-leaks-financial-records
2017-04-03,Elliott Broidy,Republican National Committee,association,Finance Committee,https://gop.com/rnc-announces-additions-to-rnc-finance-leadership-team/
1991-01-01,Elliott Broidy,Elliott Broidy Capital Management,association,founded,https://en.wikipedia.org/wiki/Elliott_Broidy
2001-01-01,Elliott Broidy,Circinus,association,owns,https://www.bloomberg.com/profiles/companies/0136784D:US-circinus-llc
2017-11-30,Elliott Broidy,REAG (CNB),payment,200000,https://www.vox.com/2018/5/16/17363242/michael-cohen-trump-avenatti-leaks-financial-records
2017-12-05,REAG (CNB),Stormy Daniels,payment,200000,https://www.vox.com/2018/5/16/17363242/michael-cohen-trump-avenatti-leaks-financial-records
2017-12-29,Elliott Broidy,REAG (CNB),payment,62500,https://www.vox.com/2018/5/16/17363242/michael-cohen-trump-avenatti-leaks-financial-records
2018-01-02,REAG (CNB),Essential Consultants,payment,62500,https://www.vox.com/2018/5/16/17363242/michael-cohen-trump-avenatti-leaks-financial-records
2018-01-31,Elliott Broidy,REAG (CNB),payment,62500,https://www.vox.com/2018/5/16/17363242/michael-cohen-trump-avenatti-leaks-financial-records
2018-01-31,REAG (CNB),Essential Consultants,payment,62500,https://www.vox.com/2018/5/16/17363242/michael-cohen-trump-avenatti-leaks-financial-records
2018-03-01,Elliott Broidy,REAG (CNB),payment,62500,https://www.vox.com/2018/5/16/17363242/michael-cohen-trump-avenatti-leaks-financial-records
2018-03-01,REAG (CNB),Essential Consultants,payment,62500,https://www.vox.com/2018/5/16/17363242/michael-cohen-trump-avenatti-leaks-financial-records
2017-01-01,Michael D Cohen,Morgan Stanley,association,NA,NA
2017-07-13,Essential Consultants,Morgan Stanley,payment,505000,https://www.vox.com/2018/5/16/17363242/michael-cohen-trump-avenatti-leaks-financial-records
2017-09-08,Essential Consultants,Morgan Stanley,payment,250000,https://www.vox.com/2018/5/16/17363242/michael-cohen-trump-avenatti-leaks-financial-records
2017-08-15,Essential Consultants,Morgan Stanley,payment,250000,https://www.vox.com/2018/5/16/17363242/michael-cohen-trump-avenatti-leaks-financial-records
2017-01-20,Donald J Trump,The White House,association,lives at,NA
2006-07-15,Donald J Trump,Stormy Daniels,association,Shark Week,NA
2006-07-15,Stormy Daniels,Donald J Trump,association,Spanked,NA
2006-06-01,Michael D Cohen,Trump Organization,association,NA,NA
2017-04-03,Michael D Cohen,Republican National Committee,association,Finance Committee,https://gop.com/rnc-announces-additions-to-rnc-finance-leadership-team/
2017-06-01,Essential Consultants,Demeter Direct,payment,NA,assumed date
2017-06-01,Mark S Ko,Demeter Direct,association,head of,https://www.cnn.com/2018/05/11/politics/demeter-direct-michael-cohen/index.html
2017-06-01,Mark S Ko,PK2 Entertainment,association,head of,https://www.businessinsider.com/demeter-direct-michael-cohen-essential-consultants-paid-money-2018-5
2017-06-01,Mark S Ko,Michael D Cohen,association,translator,assumed date
2017-06-01,Mark S Ko,Korea Aerospace,association,translator,assumed date
1971-01-01,Donald J Trump,Trump Organization,association,executive leader,NA
2016-12-12,Michael D Cohen,Trump Tower Elevator,association,rode on,NA
2016-12-12,Michael Flynn,Trump Tower Elevator,association,rode on,NA
2016-12-12,Ahmed al Rumaihi,Trump Tower Elevator,association,road on,NA
2017-07-01,Ahmed al Rumaihi,Jeff Kwatinetz,association,Approached,http://www.dailymail.co.uk/news/article-5711031/Steve-Bannon-target-bribery-plot-Ice-Cubes-basketball-league-rapper-claims.html
2017-07-01,Jeff Kwatinetz,Ahmed al Rumaihi,association,Rejected,http://www.dailymail.co.uk/news/article-5711031/Steve-Bannon-target-bribery-plot-Ice-Cubes-basketball-league-rapper-claims.html
2017-01-11,Ice Cube,BIG3,association,founded,https://en.wikipedia.org/wiki/BIG3
1997-01-01,Jeff Kwatinetz,The Firm,association,founded,https://en.wikipedia.org/wiki/Jeff_Kwatinetz
2017-01-11,Jeff Kwatinetz,BIG3,association,founded,https://en.wikipedia.org/wiki/BIG3
1998-01-01,Steve Bannon,The Firm,association,partner in,https://www.biography.com/people/steve-bannon-022417
2015-01-01,Ahmed al Rumaihi,Qatari Gov't,association,former diplomat,https://en.wikipedia.org/wiki/Ahmed_Al-Rumaihi
2016-12-12,Ahmed al Rumaihi,Michael Flynn,association,Allegedly Bribed,https://assets.documentcloud.org/documents/4456972/Jeff-Kwatinetz-Sworn-Declaration.pdf
2017-02-27,Ajit Pai,ATT,association,Net Neutrality,https://gizmodo.com/at-t-deeply-regrets-paying-the-presidents-lawyer-to-hel-1825958845
2017-10-02,Ajit Pai,Donald J Trump,association,reports to,NA
2017-10-02,Ajit Pai,FCC,association,runs,NA
2017-02-27,ATT,Ajit Pai,association,met with,https://gizmodo.com/at-t-deeply-regrets-paying-the-presidents-lawyer-to-hel-1825958845
2017-06-01,Trump Organization,Michael D Cohen,payment,420000,https://www.lawfareblog.com/document-michael-cohen-plea-agreement
2016-07-14,KCS Outsourcing,Michael D Cohen,payment,700,https://www.vox.com/2018/5/16/17363242/michael-cohen-trump-avenatti-leaks-financial-records
2017-02-22,KCS Outsourcing,Michael D Cohen,payment,2998,https://www.vox.com/2018/5/16/17363242/michael-cohen-trump-avenatti-leaks-financial-records
2018-01-01,KOBE EVA KERESKEDELMI,Michael D Cohen,payment,10980,https://www.vox.com/2018/5/16/17363242/michael-cohen-trump-avenatti-leaks-financial-records
2018-01-01,Michael D Cohen,Elliott Broidy,payment,675,https://www.vox.com/2018/5/16/17363242/michael-cohen-trump-avenatti-leaks-financial-records
2017-01-20,Steve Bannon,The White House,association,advises,NA
NA,Elliott Broidy,George Nader,association,conspired to remove TIllerson,https://www.nytimes.com/2018/03/21/us/politics/george-nader-elliott-broidy-uae-saudi-arabia-white-house-influence.html
NA,George Nader,Elliott Broidy,association,groomed for influence,https://www.nytimes.com/2018/03/21/us/politics/george-nader-elliott-broidy-uae-saudi-arabia-white-house-influence.html
NA,George Nader,Steve Bannon,association,NA,NA
NA,George Nader,Jared Kushner,association,NA,NA
2017-01-20,Jared Kushner,The White House,association,employed by,NA
2009-10-25,Jared Kushner,Ivanka Trump,association,married,NA
2009-10-25,Ivanka Trump,Jared Kushner,association,married,NA
1981-10-31,Ivanka Trump,Donald J Trump,association,daughter of,NA
2016-12-12,Michael D Cohen,Qatari Gov't,association,pitched,https://www.washingtonpost.com/world/national-security/trumps-personal-attorney-solicited-1-million-from-government-of-qatar/2018/05/16/e787e716-592c-11e8-858f-12becb4d6067_story.html?utm_term=.a6f5f82799e9
2016-12-12,Qatari Gov't,Michael D Cohen,association,declined,https://www.washingtonpost.com/world/national-security/trumps-personal-attorney-solicited-1-million-from-government-of-qatar/2018/05/16/e787e716-592c-11e8-858f-12becb4d6067_story.html?utm_term=.a6f5f82799e9
2016-09-01,Trump Organization,Daily Caller,payment,150000,http://observer.com/2017/06/trump-tucker-carlson-daily-caller/
2010-01-11,Tucker Carlson,Daily Caller,association,founded,https://en.wikipedia.org/wiki/The_Daily_Caller
2009-05-01,Tucker Carlson,Fox News,association,anchor for,https://en.wikipedia.org/wiki/Tucker_Carlson#Fox_News_Channel
2016-08-03,George Nader,Erik Prince,association,meets with,https://www.nytimes.com/2018/05/19/us/politics/trump-jr-saudi-uae-nader-prince-zamel.html
2016-08-03,Donald Trump Jr,Erik Prince,association,meets with,https://www.nytimes.com/2018/05/19/us/politics/trump-jr-saudi-uae-nader-prince-zamel.html
2016-08-03,Joel Zamel,Erik Prince,association,meets with,https://www.nytimes.com/2018/05/19/us/politics/trump-jr-saudi-uae-nader-prince-zamel.html
1997-06-01,Erik Prince,Blackwater,association,founded,https://en.wikipedia.org/wiki/Academi
2016-06-01,George Nader,Mohammed bin Zayed al-Nahyan,association,represents,https://www.nytimes.com/2018/05/19/us/politics/trump-jr-saudi-uae-nader-prince-zamel.html
2016-06-01,George Nader,Mohammed bin Salman,association,represents,https://www.nytimes.com/2018/05/19/us/politics/trump-jr-saudi-uae-nader-prince-zamel.html
2010-01-01,Mohammed bin Salman,Saudi Arabia,association,crown prince,https://www.nytimes.com/2018/05/19/us/politics/trump-jr-saudi-uae-nader-prince-zamel.html
2010-01-01,Mohammed bin Zayed al-Nahyan,United Arab Emirates,association,crown prince,https://www.nytimes.com/2018/05/19/us/politics/trump-jr-saudi-uae-nader-prince-zamel.html
2016-08-03,Erik Prince,Stephen Miller,association,meets with,https://www.nytimes.com/2018/05/19/us/politics/trump-jr-saudi-uae-nader-prince-zamel.html
2017-01-20,Stephen Miller,The White House,association,advises,https://www.nytimes.com/2018/05/19/us/politics/trump-jr-saudi-uae-nader-prince-zamel.html
2012-01-01,Joel Zamel,Psy-Group,association,founded,https://www.nytimes.com/2018/05/19/us/politics/trump-jr-saudi-uae-nader-prince-zamel.html
2016-12-01,George Nader,Joel Zamel,payment,2000000,https://www.nytimes.com/2018/05/19/us/politics/trump-jr-saudi-uae-nader-prince-zamel.html
2016-12-15,George Nader,Michael Flynn,association,meets with,http://nymag.com/daily/intelligencer/2018/05/understanding-the-new-trump-campaign-collusion-story.html
1905-07-08,George Nader,Iran,association,attempted destabilization,https://www.nytimes.com/2018/05/19/us/politics/trump-jr-saudi-uae-nader-prince-zamel.html
1977-12-31,Donald Trump Jr,Donald J Trump,association,son of,NA
2010-01-01,Erik Prince,Betsy DeVos,association,sibling,NA
2010-01-01,Betsy DeVos,Erik Prince,association,sibling,NA
2017-02-07,Betsy DeVos,Dept of Education,association,runs,NA
2017-02-07,Betsy DeVos,Donald J Trump,association,reports to,NA
2018-05-14,Metallurgical Corporation of China,MNC Land,loan,500000000,https://www.nationalreview.com/news/china-contributing-500-million-trump-linked-project-indonesia/
2018-05-14,Trump Organization,MNC Land,association,branding,NA
2018-05-14,Metallurgical Corporation of China,China,association,state-owned,NA
2017-06-01,Petro Poroshenko,Donald J Trump,association,photo-op,NA
2017-05-01,Petro Poroshenko,Ukranian Aid,payment,400000,http://www.bbc.com/news/world-us-canada-44215656
2017-05-01,Ukranian Aid,Michael D Cohen,payment,400000,NA
2014-06-07,Petro Poroshenko,Ukraine,association,president,NA
2017-01-11,Michael D Cohen,Trump Tower,association,meeting,https://www.nytimes.com/2018/05/25/us/politics/michael-cohen-viktor-vekselberg-trump-tower.html
2017-01-11,Viktor Vekselberg,Trump Tower,association,meeting,https://www.nytimes.com/2018/05/25/us/politics/michael-cohen-viktor-vekselberg-trump-tower.html
2017-01-11,Viktor Vekselberg,Michael D Cohen,association,"""Russia's relations""",https://www.nytimes.com/2018/05/25/us/politics/michael-cohen-viktor-vekselberg-trump-tower.html
1983-02-14,Trump Tower Elevator,Trump Tower,association,inside of,https://en.wikipedia.org/wiki/Trump_Tower
2017-01-01,Richard Gerson,Seychelles,association,visits,https://www.nbcnews.com/politics/national-security/jared-kushner-close-friend-rick-gerson-now-under-scrutiny-mueller-n876361
2017-01-01,Richard Gerson,Mohammed bin Zayed al-Nahyan,association,meets,https://www.nbcnews.com/politics/national-security/jared-kushner-close-friend-rick-gerson-now-under-scrutiny-mueller-n876362
2017-01-01,Richard Gerson,George Nader,association,communicates,https://www.nbcnews.com/politics/national-security/jared-kushner-close-friend-rick-gerson-now-under-scrutiny-mueller-n876363
2016-12-01,Richard Gerson,Four Seasons,association,meeting,https://www.nbcnews.com/politics/national-security/jared-kushner-close-friend-rick-gerson-now-under-scrutiny-mueller-n876364
2016-12-01,George Nader,Four Seasons,association,meeting,https://www.nbcnews.com/politics/national-security/jared-kushner-close-friend-rick-gerson-now-under-scrutiny-mueller-n876365
2016-12-01,Mohammed bin Zayed al-Nahyan,Four Seasons,association,meeting,https://www.nbcnews.com/politics/national-security/jared-kushner-close-friend-rick-gerson-now-under-scrutiny-mueller-n876366
2016-12-01,Michael Flynn,Four Seasons,association,meeting,https://www.nbcnews.com/politics/national-security/jared-kushner-close-friend-rick-gerson-now-under-scrutiny-mueller-n876367
2016-12-01,Steve Bannon,Four Seasons,association,meeting,https://www.nbcnews.com/politics/national-security/jared-kushner-close-friend-rick-gerson-now-under-scrutiny-mueller-n876368
2016-12-01,Yousef Otaiba,Four Seasons,association,meeting,https://www.nbcnews.com/politics/national-security/jared-kushner-close-friend-rick-gerson-now-under-scrutiny-mueller-n876369
2016-12-01,Yousef Otaiba,United Arab Emirates,association,Ambassador to US,https://www.nbcnews.com/politics/national-security/jared-kushner-close-friend-rick-gerson-now-under-scrutiny-mueller-n876370
2015-11-01,Ivanka Trump,Michael D Cohen,association,introduced,https://www.buzzfeed.com/anthonycormier/ivanka-trump-putin-moscow-meeting-michael-cohen-tower?utm_term=.qkK5GJmQz#.unr7kjg6w
2015-11-02,Ivanka Trump,Dmitry Klokov,association,introduced,https://www.buzzfeed.com/anthonycormier/ivanka-trump-putin-moscow-meeting-michael-cohen-tower?utm_term=.qkK5GJmQz#.unr7kjg6w
2015-11-03,Dmitry Klokov,Michael D Cohen,association,offered to broker,https://www.buzzfeed.com/anthonycormier/ivanka-trump-putin-moscow-meeting-michael-cohen-tower?utm_term=.qkK5GJmQz#.unr7kjg6w
2015-11-04,Dmitry Klokov,Vladimir Putin,association,"""knows""",https://www.buzzfeed.com/anthonycormier/ivanka-trump-putin-moscow-meeting-michael-cohen-tower?utm_term=.qkK5GJmQz#.unr7kjg6w
2018-06-06,Stormy Daniels,Keith M Davidson,association,sues,https://www.cnn.com/2018/06/06/politics/stormy-daniels-new-lawsuit/index.html
2018-06-06,Stormy Daniels,Michael D Cohen,association,sues,https://www.cnn.com/2018/06/06/politics/stormy-daniels-new-lawsuit/index.html
2011-06-01,Michael D Cohen,Keith M Davidson,association,collude,https://www.cnn.com/2018/06/06/politics/stormy-daniels-new-lawsuit/index.html
2011-06-01,Keith M Davidson,Michael D Cohen,association,collude,https://www.cnn.com/2018/06/06/politics/stormy-daniels-new-lawsuit/index.html
2018-06-01,Konstantin Kilimnik,Hapsburg Group,association,works with,https://www.cnbc.com/2018/06/08/special-counsel-robert-mueller-files-new-indictment-against-paul-manafort-nbc-news.html?utm_source=fark&utm_medium=website&utm_content=link&ICID=ref_fark
2018-05-01,Hapsburg Group,Ukraine,association,lobbies for,https://www.cnbc.com/2018/06/08/special-counsel-robert-mueller-files-new-indictment-against-paul-manafort-nbc-news.html?utm_source=fark&utm_medium=website&utm_content=link&ICID=ref_fark
2018-06-01,Konstantin Kilimnik,Paul Manafort,association,works with,https://www.cnbc.com/2018/06/08/special-counsel-robert-mueller-files-new-indictment-against-paul-manafort-nbc-news.html?utm_source=fark&utm_medium=website&utm_content=link&ICID=ref_fark
2018-06-01,Paul Manafort,Russia,association,lobbies for,https://www.cnbc.com/2018/06/08/special-counsel-robert-mueller-files-new-indictment-against-paul-manafort-nbc-news.html?utm_source=fark&utm_medium=website&utm_content=link&ICID=ref_fark
2018-06-01,Vladimir Putin,Russia,association,president,https://en.wikipedia.org/wiki/Vladimir_Putin
2016-05-19,Paul Manafort,Donald J Trump,association,campaign manager,https://en.wikipedia.org/wiki/Rick_Gates_(political_consultant)
2016-01-01,Konstantin Kilimnik,Russia,association,former spy,https://www.bloomberg.com/news/articles/2018-06-09/mueller-s-latest-charges-bring-together-trump-campaign-russia
2018-06-15,Paul Manafort,Jail,association,remanded,https://www.cnn.com/2018/06/15/politics/judge-sends-paul-manafort-to-jail-pending-trial
2016-06-09,Paul Manafort,Trump Tower,association,meeting,http://www.newsweek.com/paul-manafort-indictment-timeline-russia-probe-charges-696226
2016-06-09,Donald Trump Jr,Trump Tower,association,meeting,http://www.newsweek.com/paul-manafort-indictment-timeline-russia-probe-charges-696227
2016-06-09,Jared Kushner,Trump Tower,association,meeting,http://www.newsweek.com/paul-manafort-indictment-timeline-russia-probe-charges-696228
2016-06-09,Rinat Akhmetshin,Trump Tower,association,meeting,https://medium.com/@wsiegelman/us-person-2-in-the-case-of-alleged-russian-agent-maria-butina-is-george-o-neill-his-daughter-bb569202cf06
2016-06-09,Natalia Veselnitskaya,Trump Tower,association,meeting,NA
2018-04-27,Natalia Veselnitskaya,Russia,association,informant,https://www.nbcnews.com/nightly-news/video/russian-lawyer-who-met-with-kushner-don-jr-admits-to-being-an-informant-1221063235886
1905-07-04,Viktor Yanukovych,Paul Manafort,payment,12700000,http://www.newsweek.com/paul-manafort-indictment-timeline-russia-probe-charges-696226
1905-07-04,Viktor Yanukovych,Ukraine,association,Former President,NA
1905-07-07,Oleg Deripaska,Paul Manafort,loan,10000000,http://www.businessinsider.com/court-document-shows-oleg-deripaska-loaned-paul-manafort-10-million-2018-6
1905-07-07,Oleg Deripaska,Russia,association,close ties,NA
1905-07-08,Paul Manafort,Konstantin Kilimnik,association,emails re: campaign,http://www.businessinsider.com/court-document-shows-oleg-deripaska-loaned-paul-manafort-10-million-2018-6
1905-07-08,Konstantin Kilimnik,Oleg Deripaska,association,emails re: campaign,http://www.businessinsider.com/court-document-shows-oleg-deripaska-loaned-paul-manafort-10-million-2018-6
2018-06-25,Donald J Trump,Chuck Rettig,association,nominates for IRS,https://www.rawstory.com/2018/06/trumps-irs-nominee-failed-disclose-crucial-information-report/
2006-01-01,Chuck Rettig,Trump Organization,association,owns branded property,https://www.marketwatch.com/story/trumps-irs-nominee-owns-units-at-trump-branded-property-in-hawaii-2018-06-27
2018-06-20,Michael D Cohen,Republican National Committee,association,resigns,https://www.politico.com/story/2018/06/20/michael-cohen-resigns-from-rnc-657334
2018-06-30,Anthony Kennedy,The Supreme Court,association,resigns,https://www.vanityfair.com/news/2018/06/donald-trump-justice-anthony-kennedy-retirement
2005-01-01,Justin Kennedy,Anthony Kennedy,association,son,https://www.vanityfair.com/news/2018/06/donald-trump-justice-anthony-kennedy-retirement
1997-01-01,Deutsche Bank,Justin Kennedy,association,employed,https://www.vanityfair.com/news/2018/06/donald-trump-justice-anthony-kennedy-retirement
2005-01-01,Justin Kennedy,Donald J Trump,loan,1000000000,https://www.vanityfair.com/news/2018/06/donald-trump-justice-anthony-kennedy-retirement
2017-01-31,US and UK Gov'ts,Deutsche Bank,fine,630000000,https://www.theguardian.com/business/2017/jan/31/deutsche-bank-fined-630m-over-russia-money-laundering-claims
2017-01-21,Donald J Trump,The Supreme Court,association,appoints justices,http://constitutionus.com/
2017-01-21,Abbott Laboratories,Trump Inaguration,payment,100000,https://www.spectrumnews.org/news/health-companies-gave-generously-president-trumps-inauguration/
2018-06-15,Abbott Laboratories,The White House,association,pressures breast feeding,https://www.theguardian.com/us-news/2018/jul/08/trump-administration-opposes-breastfeeding-resolution-report
2018-06-15,World Health Organization,The White House,association,breastfeeding browbeaten by,https://www.theguardian.com/us-news/2018/jul/08/trump-administration-opposes-breastfeeding-resolution-report
2018-06-15,Russia,World Health Organization,association,introduces good breast feeding,https://www.theguardian.com/us-news/2018/jul/08/trump-administration-opposes-breastfeeding-resolution-report
2015-12-31,Betsy DeVos,Bethany Christian Services,payment,343000,https://www.snopes.com/news/2018/06/26/bethany-christian-services-family-separation-betsy-devos
2018-06-23,The White House,Bethany Christian Services,payment,1701000,https://www.snopes.com/news/2018/06/26/bethany-christian-services-family-separation-betsy-devos
2017-11-15,Donald J Trump,American Ethane,association,pimps,https://www.theguardian.com/world/2018/jul/10/former-putin-adviser-has-secret-investment-in-us-energy-firm-praised-by-trump
2000-01-01,Alexander Voloshin,Vladimir Putin,association,employed by,https://www.theguardian.com/world/2018/jul/10/former-putin-adviser-has-secret-investment-in-us-energy-firm-praised-by-trump
2003-01-01,Alexander Voloshin,Vladimir Putin,association,resigned,https://www.theguardian.com/world/2018/jul/10/former-putin-adviser-has-secret-investment-in-us-energy-firm-praised-by-trump
2014-06-01,Alexander Voloshin,American Ethane,investment,1250000,https://www.theguardian.com/world/2018/jul/10/former-putin-adviser-has-secret-investment-in-us-energy-firm-praised-by-trump
2014-06-01,American Ethane,Alexander Voloshin,association,2.5% ownership,https://www.theguardian.com/world/2018/jul/10/former-putin-adviser-has-secret-investment-in-us-energy-firm-praised-by-trump
2014-01-15,Roman Abramovich,American Ethane,investment,50000000,https://www.theguardian.com/world/2018/jul/10/former-putin-adviser-has-secret-investment-in-us-energy-firm-praised-by-trump
2015-12-01,Roman Abramovich,American Ethane,association,"resigned, sues",https://www.theguardian.com/world/2018/jul/10/former-putin-adviser-has-secret-investment-in-us-energy-firm-praised-by-trump
2017-01-01,Brian A Benczkowski,Alfa Bank,association,represented,https://www.nytimes.com/2017/07/24/us/politics/brian-benczkowski-justice-alfa-bank.html?smid=tw-share&_r=0
2017-06-17,Donald J Trump,Brian A Benczkowski,association,nominates,https://www.nytimes.com/2017/07/24/us/politics/brian-benczkowski-justice-alfa-bank.html?smid=tw-share&_r=0
2018-07-10,Brian A Benczkowski,Justice Dept,association,runs,https://www.nytimes.com/2017/07/24/us/politics/brian-benczkowski-justice-alfa-bank.html?smid=tw-share&_r=0
2015-01-01,Mikhail Fridman,Vladimir Putin,association,does favors,https://www.businessinsider.com/fbi-alfa-bank-trump-organization-servers-2017-3
2015-01-01,German Khan,Vladimir Putin,association,does favors,https://www.businessinsider.com/fbi-alfa-bank-trump-organization-servers-2017-3
2015-01-01,Petr Aven,Vladimir Putin,association,does favors,https://www.businessinsider.com/fbi-alfa-bank-trump-organization-servers-2017-3
2015-01-01,Vladimir Putin,Mikhail Fridman,association,does favors,https://www.businessinsider.com/fbi-alfa-bank-trump-organization-servers-2017-3
2015-01-01,Vladimir Putin,German Khan,association,does favors,https://www.businessinsider.com/fbi-alfa-bank-trump-organization-servers-2017-3
2015-01-01,Vladimir Putin,Petr Aven,association,does favors,https://www.businessinsider.com/fbi-alfa-bank-trump-organization-servers-2017-3
2016-01-01,Alfa Bank,Trump Organization,association,cyber connections,https://www.nytimes.com/2017/07/24/us/politics/brian-benczkowski-justice-alfa-bank.html?smid=tw-share&_r=0
2016-01-01,Trump Organization,Alfa Bank,association,cyber connections,https://www.nytimes.com/2017/07/24/us/politics/brian-benczkowski-justice-alfa-bank.html?smid=tw-share&_r=1
2016-01-01,Cambridge Analytica,Trump Organization,association,hired by,https://www.theguardian.com/uk-news/2018/jul/15/elizabeth-denham-data-protection-information-commissioner-facebook-cambridge-analytica
2016-01-01,Russia IP Addresses,Cambridge Analytica,association,accessed servers,https://www.theguardian.com/uk-news/2018/jul/15/elizabeth-denham-data-protection-information-commissioner-facebook-cambridge-analytica
2016-01-01,Russia IP Addresses,Russia,association,inside of,https://www.theguardian.com/uk-news/2018/jul/15/elizabeth-denham-data-protection-information-commissioner-facebook-cambridge-analytica
2015-07-01,Maria Butina,Donald J Trump,association,meeting,https://www.washingtonpost.com/local/public-safety/alleged-russian-agent-maria-butina-had-ties-to-russian-intelligence-agency-prosecutors-say/2018/07/18/a1a4042c-8a01-11e8-a345-a1bf7847b375_story.html
2015-07-01,Donald J Trump,Maria Butina,association,meeting,https://www.washingtonpost.com/local/public-safety/alleged-russian-agent-maria-butina-had-ties-to-russian-intelligence-agency-prosecutors-say/2018/07/18/a1a4042c-8a01-11e8-a345-a1bf7847b375_story.html
2015-06-01,Maria Butina,Russia,association,spies for,https://www.washingtonpost.com/local/public-safety/alleged-russian-agent-maria-butina-had-ties-to-russian-intelligence-agency-prosecutors-say/2018/07/18/a1a4042c-8a01-11e8-a345-a1bf7847b375_story.html
2015-06-01,Maria Butina,Alexander Torshin,association,reports to,https://www.washingtonpost.com/local/public-safety/alleged-russian-agent-maria-butina-had-ties-to-russian-intelligence-agency-prosecutors-say/2018/07/18/a1a4042c-8a01-11e8-a345-a1bf7847b375_story.html
2015-06-01,Alexander Torshin,Russia,association,high-level official,https://www.washingtonpost.com/local/public-safety/alleged-russian-agent-maria-butina-had-ties-to-russian-intelligence-agency-prosecutors-say/2018/07/18/a1a4042c-8a01-11e8-a345-a1bf7847b375_story.html
2016-06-01,Maria Butina,Paul Erickson,association,romance,https://www.washingtonpost.com/local/public-safety/alleged-russian-agent-maria-butina-had-ties-to-russian-intelligence-agency-prosecutors-say/2018/07/18/a1a4042c-8a01-11e8-a345-a1bf7847b375_story.html
2016-06-01,Paul Erickson,Maria Butina,association,romance,https://www.washingtonpost.com/local/public-safety/alleged-russian-agent-maria-butina-had-ties-to-russian-intelligence-agency-prosecutors-say/2018/07/18/a1a4042c-8a01-11e8-a345-a1bf7847b375_story.html
2016-05-21,Alexander Torshin,Donald Trump Jr,association,meets,https://www.thedailybeast.com/kremlin-used-nra-to-help-trump-in-2016-says-senate-intelligence-committee
2016-05-21,Donald Trump Jr,Alexander Torshin,association,meets,https://www.thedailybeast.com/kremlin-used-nra-to-help-trump-in-2016-says-senate-intelligence-committee
2016-05-21,Donald Trump Jr,NRA,association,attends,https://www.thedailybeast.com/kremlin-used-nra-to-help-trump-in-2016-says-senate-intelligence-committee
2016-05-21,Alexander Torshin,NRA,association,attends,https://www.thedailybeast.com/kremlin-used-nra-to-help-trump-in-2016-says-senate-intelligence-committee
2016-11-01,NRA,Donald J Trump,investment,30000000,https://www.thedailybeast.com/kremlin-used-nra-to-help-trump-in-2016-says-senate-intelligence-committee
2015-01-01,Alexander Torshin,Russia,association,senator,https://en.wikipedia.org/wiki/Aleksandr_Torshin
2017-02-01,Alexander Torshin,George O'Neill Jr,association,dining,https://abcnews.go.com/Politics/russia-bistro-bis-calif-congressman-dined-accused-russian/story?id=56839486&utm_source=fark&utm_medium=website&utm_content=link&ICID=ref_fark
2017-02-01,Maria Butina,George O'Neill Jr,association,dining,http://time.com/4696424/moscow-right-kremlin-republicans/
2017-02-01,Dana Rohrabacher,George O'Neill Jr,association,dining,http://time.com/4696424/moscow-right-kremlin-republicans/
2017-02-01,Paul Erickson,George O'Neill Jr,association,dining,http://time.com/4696424/moscow-right-kremlin-republicans/
2017-01-01,Catharine O'Neill,George O'Neill Jr,association,daughter of,https://medium.com/@wsiegelman/us-person-2-in-the-case-of-alleged-russian-agent-maria-butina-is-george-o-neill-his-daughter-bb569202cf06
2016-09-30,Catharine O'Neill,Dana Rohrabacher,association,interned for,https://medium.com/@wsiegelman/us-person-2-in-the-case-of-alleged-russian-agent-maria-butina-is-george-o-neill-his-daughter-bb569202cf07
2017-04-11,Rinat Akhmetshin,Dana Rohrabacher,association,meeting in Berlin,https://en.m.wikipedia.org/wiki/Rinat_Akhmetshin
2017-02-01,George O'Neill Jr,Bistro Bis,association,dining,http://time.com/4696424/moscow-right-kremlin-republicans/
2017-09-01,Elliott Broidy,Shera Bechard,association,impregnated,https://www.thedailybeast.com/elliott-broidys-mistress-i-was-pregnant-when-my-lawyer-recruited-michael-cohen-to-solve-problem
2017-10-01,Shera Bechard,Keith M Davidson,association,represented by,https://www.thedailybeast.com/elliott-broidys-mistress-i-was-pregnant-when-my-lawyer-recruited-michael-cohen-to-solve-problem
2017-10-02,Elliott Broidy,Shera Bechard,payment,1600000,https://www.thedailybeast.com/elliott-broidys-mistress-i-was-pregnant-when-my-lawyer-recruited-michael-cohen-to-solve-problem
2017-10-03,Keith M Davidson,Michael D Cohen,association,negotiated payment,https://www.thedailybeast.com/elliott-broidys-mistress-i-was-pregnant-when-my-lawyer-recruited-michael-cohen-to-solve-problem
2016-10-01,JD Gordon,Maria Butina,association,policy emails,https://www.msn.com/en-us/news/politics/trump-associate-socialized-with-alleged-russian-agent-maria-butina-in-final-weeks-of-2016-campaign/ar-BBLsZYe
2016-03-01,JD Gordon,Trump Organization,association,National Security Group,https://www.msn.com/en-us/news/politics/trump-associate-socialized-with-alleged-russian-agent-maria-butina-in-final-weeks-of-2016-campaign/ar-BBLsZYe
2016-08-01,JD Gordon,Trump Organization,association,Presidential Transition,https://www.msn.com/en-us/news/politics/trump-associate-socialized-with-alleged-russian-agent-maria-butina-in-final-weeks-of-2016-campaign/ar-BBLsZYe
2016-09-29,Paul Erickson,Maria Butina,association,Email Intro to JD Gordon,https://www.msn.com/en-us/news/politics/trump-associate-socialized-with-alleged-russian-agent-maria-butina-in-final-weeks-of-2016-campaign/ar-BBLsZYe
2016-09-29,Paul Erickson,JD Gordon,association,Email Intro to Maria Butina,https://www.msn.com/en-us/news/politics/trump-associate-socialized-with-alleged-russian-agent-maria-butina-in-final-weeks-of-2016-campaign/ar-BBLsZYe
2016-10-15,JD Gordon,Maria Butina,association,Invite to Styx Concert,https://www.msn.com/en-us/news/politics/trump-associate-socialized-with-alleged-russian-agent-maria-butina-in-final-weeks-of-2016-campaign/ar-BBLsZYe
2013-06-01,Konstantin Nikolaev,Maria Butina,association,Financed,https://amp.theguardian.com/world/2018/aug/06/maria-butina-charged-spying-putin-russia-kremlin
NA,Konstantin Nikolaev,Svetlana Nikolaeva,association,Married,https://www.theguardian.com/us-news/2018/jul/26/maria-butina-nra-svetlana-nikolaeva-konstantin-nikolaev
NA,Svetlana Nikolaeva,Konstantin Nikolaev,association,Married,https://www.theguardian.com/us-news/2018/jul/26/maria-butina-nra-svetlana-nikolaeva-konstantin-nikolaev
NA,Svetlana Nikolaeva,Promtechnologies,association,owns,https://www.theguardian.com/us-news/2018/jul/26/maria-butina-nra-svetlana-nikolaeva-konstantin-nikolaev
NA,Orsis,Russia,association,supplies sniper rifles,https://www.theguardian.com/us-news/2018/jul/26/maria-butina-nra-svetlana-nikolaeva-konstantin-nikolaev
NA,Andrey Nikolaev,Konstantin Nikolaev,association,son,https://www.theguardian.com/us-news/2018/jul/26/maria-butina-nra-svetlana-nikolaeva-konstantin-nikolaev
NA,Andrey Nikolaev,Trump Organization,association,volunteered,https://www.theguardian.com/us-news/2018/jul/26/maria-butina-nra-svetlana-nikolaeva-konstantin-nikolaev
2015-12-11,NRA,Promtechnologies,association,visits,https://www.theguardian.com/us-news/2018/jul/26/maria-butina-nra-svetlana-nikolaeva-konstantin-nikolaev
NA,Konstantin Nikolaev,American Ethane,association,directs,https://www.theguardian.com/us-news/2018/jul/26/maria-butina-nra-svetlana-nikolaeva-konstantin-nikolaev
NA,Promtechnologies,Orsis,association,parent company,https://www.theguardian.com/us-news/2018/jul/26/maria-butina-nra-svetlana-nikolaeva-konstantin-nikolaev
NA,VTB Bank,Konstantin Nikolaev,loan,250000000,https://amp.theguardian.com/world/2018/aug/06/maria-butina-charged-spying-putin-russia-kremlin
NA,Russia,VTB Bank,association,owns,https://amp.theguardian.com/world/2018/aug/06/maria-butina-charged-spying-putin-russia-kremlin
2016-05-01,Michael Caputo,Henry Greenberg,association,arranged meeting,https://www.pbs.org/newshour/politics/former-trump-adviser-roger-stone-reveals-undisclosed-meeting-with-russian
2016-05-01,Henry Greenberg,Roger Stone,association,meeting on Clinton Dirt,https://www.pbs.org/newshour/politics/former-trump-adviser-roger-stone-reveals-undisclosed-meeting-with-russian
2016-05-01,Roger Stone,Henry Greenberg,association,meeting on Clinton Dirt,https://www.pbs.org/newshour/politics/former-trump-adviser-roger-stone-reveals-undisclosed-meeting-with-russian
2016-04-19,Michael Caputo,Trump Organization,association,campaign adviser,https://en.wikipedia.org/wiki/Michael_Caputo#Trump_communications_adviser
2016-01-01,Roger Stone,Trump Organization,association,campaign adviser,"https://en.wikipedia.org/wiki/Roger_Stone#2010s:_Libertarian_Party_involvement,_Donald_Trump_campaign_and_media_commentary"
NA,Elliott Broidy,China,association,influence peddling,https://www.washingtonpost.com/politics/gop-fundraiser-broidy-under-investigation-for-alleged-effort-to-sell-government-influence-people-familiar-with-probe-say/2018/08/17/c9e55792-a185-11e8-8e87-c869fe70a721_story.html?utm_term=.7241f7f3cb49
NA,Elliott Broidy,Malaysia,association,influence peddling,https://www.washingtonpost.com/politics/gop-fundraiser-broidy-under-investigation-for-alleged-effort-to-sell-government-influence-people-familiar-with-probe-say/2018/08/17/c9e55792-a185-11e8-8e87-c869fe70a721_story.html?utm_term=.7241f7f3cb49
NA,Elliott Broidy,Steve Wynn,association,influence peddling,https://www.washingtonpost.com/politics/gop-fundraiser-broidy-under-investigation-for-alleged-effort-to-sell-government-influence-people-familiar-with-probe-say/2018/08/17/c9e55792-a185-11e8-8e87-c869fe70a721_story.html?utm_term=.7241f7f3cb49
2017-01-22,Steve Wynn,Republican National Committee,association,fundraising chair,https://en.wikipedia.org/wiki/Steve_Wynn#Political_activities
2017-10-22,Steve Wynn,Donald J Trump,association,allegedly delivers,https://foreignpolicy.com/2017/10/23/the-chinese-have-cracked-the-code-for-communicating-with-trump-guo-wengui-beijing/
2018-01-27,Steve Wynn,Republican National Committee,association,resigns,https://www.washingtonpost.com/powerpost/steve-wynn-resigns-as-rnc-finance-chairman-amid-sexual-misconduct-allegations/2018/01/27/828ae118-039d-11e8-8acf-ad2991367d9d_story.html?noredirect=on&utm_term=.d0ef9eb8e30c
2017-10-21,China,Steve Wynn,association,alleged letter,https://foreignpolicy.com/2017/10/23/the-chinese-have-cracked-the-code-for-communicating-with-trump-guo-wengui-beijing/
2018-02-18,Anastasia Vashukevich,Oleg Deripaska,association,provided proof of election meddling,https://apnews.com/78eef0ecec49412b816ac5169d63279a
2018-02-18,Oleg Deripaska,Anastasia Vashukevich,association,promised a little something,https://apnews.com/78eef0ecec49412b816ac5169d63279a
2015-12-10,Viktor Vekselberg,Michael Flynn,association,dinner,http://time.com/5271000/michael-cohen-essential-consultants-novartis-vekselberg-att/
2016-10-22,Donald J Trump,ATT,association,criticizes,http://time.com/5271000/michael-cohen-essential-consultants-novartis-vekselberg-att/
2018-08-21,Federal Court,Paul Manafort,verdict,convicted,http://www.foxnews.com/politics/2018/08/21/jury-announces-guilty-verdict-on-some-charges-in-manafort-trial-cannot-decide-on-other-counts.html
2016-06-01,Rick Gates,Paul Manafort,association,reports to,https://en.wikipedia.org/wiki/Rick_Gates_(political_consultant)
2016-06-01,Rick Gates,Trump Organization,association,works for,https://en.wikipedia.org/wiki/Rick_Gates_(political_consultant)
2018-02-23,Rick Gates,Federal Court,verdict,pleaded guilty,https://en.wikipedia.org/wiki/Rick_Gates_(political_consultant)
2018-08-09,Rick Gates,Paul Manafort,association,testifies against,https://en.wikipedia.org/wiki/Rick_Gates_(political_consultant)
2017-12-01,Michael Flynn,Federal Court,verdict,pleaded guilty,https://en.wikipedia.org/wiki/Michael_Flynn#Plea_bargain_and_statement_of_offense
2018-08-21,Michael D Cohen,Federal Court,verdict,pleaded guilty,http://thehill.com/regulation/administration/402906-cohen-pleads-guilty-to-federal-charges
2016-10-01,Donald J Trump,Michael D Cohen,association,directed 130000 payment,https://www.cnn.com/2018/08/22/politics/michael-cohen-transcript-plea/index.html
2016-06-01,Karen McDougal,Editor-1,association,offers to sell affair story,https://www.lawfareblog.com/document-michael-cohen-plea-agreement
2016-06-01,Editor-1,National Enquirer,association,works for,https://www.washingtonpost.com/news/opinions/wp/2018/08/22/what-you-may-have-missed-in-the-cohen-plea/?utm_term=.756daf161c93
2016-06-01,National Enquirer,AMI,association,owned by,https://en.wikipedia.org/wiki/National_Enquirer
2016-06-02,Michael D Cohen,Editor-1,association,approached by,https://www.lawfareblog.com/document-michael-cohen-plea-agreement
2016-06-02,Michael D Cohen,David Pecker,association,approached by,https://www.lawfareblog.com/document-michael-cohen-plea-agreement
2016-06-01,David Pecker,AMI,association,chairman of,https://www.lawfareblog.com/document-michael-cohen-plea-agreement
2016-08-05,AMI,Karen McDougal,payment,150000,https://www.lawfareblog.com/document-michael-cohen-plea-agreement
2016-08-05,Karen McDougal,AMI,association,agrees to sell story,https://www.lawfareblog.com/document-michael-cohen-plea-agreement
2016-08-04,AMI,Michael D Cohen,association,catch-and-kill,https://www.lawfareblog.com/document-michael-cohen-plea-agreement
2016-08-04,Michael D Cohen,AMI,association,catch-and-kill,https://www.lawfareblog.com/document-michael-cohen-plea-agreement
2016-06-01,Donald J Trump,Michael D Cohen,association,directs to suppress McDougal,https://www.cnn.com/2018/08/22/politics/michael-cohen-transcript-plea/index.html
2007-01-01,Karen McDougal,Donald J Trump,association,alleged affair,https://www.lawfareblog.com/document-michael-cohen-plea-agreement
2007-01-01,Donald J Trump,Karen McDougal,association,alleged affair,https://www.lawfareblog.com/document-michael-cohen-plea-agreement
1998-01-01,Karen McDougal,Playboy Magazine,association,Playmate of the Year,https://en.wikipedia.org/wiki/Karen_McDougal
2000-01-01,David Pecker,Donald J Trump,association,describes as friend,https://en.wikipedia.org/wiki/David_Pecker#Involvement_with_Donald_Trump
2015-11-15,AMI,Dino Sajudin,payment,30000,https://www.cnn.com/2018/08/24/politics/trump-tower-doorman-contract-ami/index.html
2015-11-15,AMI,Dino Sajudin,association,catch-and-kill,https://www.cnn.com/2018/08/24/politics/trump-tower-doorman-contract-ami/index.html
2015-11-15,Dino Sajudin,Donald J Trump,association,alleges wedlock,https://www.cnn.com/2018/08/24/politics/trump-tower-doorman-contract-ami/index.html
2015-11-15,Dino Sajudin,Trump Tower,association,doorman,https://www.cnn.com/2018/08/24/politics/trump-tower-doorman-contract-ami/index.html
2016-10-08,Stormy Daniels,Editor-1,association,emails re: affair,https://www.lawfareblog.com/document-michael-cohen-plea-agreement
2016-10-25,Editor-1,Michael D Cohen,association,coords Stormy comms,https://www.lawfareblog.com/document-michael-cohen-plea-agreement
2016-10-25,David Pecker,Michael D Cohen,association,coords Stormy comms,https://www.lawfareblog.com/document-michael-cohen-plea-agreement
2006-01-01,Felix Sater,Donald J Trump,association,senior advisor,https://en.wikipedia.org/wiki/Felix_Sater
2018-01-12,Felix Sater,Semion Mogilevich,association,close ties,https://www.russiarevealed.info/icymi-trumps-business-partner-felix-sater-has-longstanding-ties-to-semion-mogilevich/
2009-10-22,FBI,Semion Mogilevich,association,put on most wanted list,https://en.wikipedia.org/wiki/Semion_Mogilevich
2009-10-22,Semion Mogilevich,Russian Mafia,association,boss of bosses,https://en.wikipedia.org/wiki/Semion_Mogilevich
2009-10-22,Russian Mafia,Russia,association,inside of,https://en.wikipedia.org/wiki/Russian_mafia
2017-01-28,Felix Sater,Michael D Cohen,association,lift sanctions against Russia,https://en.wikipedia.org/wiki/Felix_Sater
2017-02-01,Michael D Cohen,Michael Flynn,association,lift sanctions against Russia,https://en.wikipedia.org/wiki/Felix_Sater
1991-06-01,Mikhail Fridman,Alfa Bank,association,founded,https://en.wikipedia.org/wiki/Mikhail_Fridman
NA,German Khan,Alfa Bank,association,supervises,https://www.businessinsider.com/fbi-alfa-bank-trump-organization-servers-2017-3
NA,Petr Aven,Alfa Bank,association,president,https://www.businessinsider.com/fbi-alfa-bank-trump-organization-servers-2017-3
1997-06-01,Renova Group,TNK-BP,association,joint venture,https://en.wikipedia.org/wiki/Mikhail_Fridman
1997-06-01,Alfa Bank,TNK-BP,association,joint venture,https://en.wikipedia.org/wiki/Mikhail_Fridman
2018-04-01,Mikhail Fridman,Christopher Steele,association,sues for libel,https://en.wikipedia.org/wiki/Mikhail_Fridman
2016-12-01,Christopher Steele,Trump-Russia Dossier,association,publishes,https://en.wikipedia.org/wiki/Trump%E2%80%93Russia_dossier
2016-12-01,Trump-Russia Dossier,Donald J Trump,association,alleges collusion,https://en.wikipedia.org/wiki/Trump%E2%80%93Russia_dossier
2016-12-01,Trump-Russia Dossier,Vladimir Putin,association,alleges collusion,https://en.wikipedia.org/wiki/Trump%E2%80%93Russia_dossier
2016-12-01,Trump-Russia Dossier,Mikhail Fridman,association,alleges collusion,https://en.wikipedia.org/wiki/Trump%E2%80%93Russia_dossier
2018-08-01,Superior District Court,Mikhail Fridman,association,dismissed with predjudice,https://en.wikipedia.org/wiki/Mikhail_Fridman
NA,Sam Patten,Paul Manafort,association,business associate,http://thehill.com/policy/national-security/404530-manafort-associate-charged-with-illegal-lobbying-report
NA,Paul Manafort,Sam Patten,association,business associate,http://thehill.com/policy/national-security/404530-manafort-associate-charged-with-illegal-lobbying-report
NA,Sam Patten,Opposition Bloc,association,foreign lobbyist,http://thehill.com/policy/national-security/404530-manafort-associate-charged-with-illegal-lobbying-report
NA,Opposition Bloc,Ukraine,association,political party,http://thehill.com/policy/national-security/404530-manafort-associate-charged-with-illegal-lobbying-report
NA,Sam Patten,Foreigner A,association,lobbying,http://thehill.com/policy/national-security/404530-manafort-associate-charged-with-illegal-lobbying-report
NA,Foreigner A,Sam Patten,association,lobbying,http://thehill.com/policy/national-security/404530-manafort-associate-charged-with-illegal-lobbying-report
NA,Foreigner A,Russia,association,is citizen of,http://thehill.com/policy/national-security/404530-manafort-associate-charged-with-illegal-lobbying-report
NA,Sam Patten,Cambridge Analytica,association,employed by,https://www.bloomberg.com/news/articles/2018-08-31/manafort-associate-sam-patten-is-charged-with-fara-violation
NA,Sam Patten,Federal Court,verdict,pleaded guilty,https://www.bloomberg.com/news/articles/2018-08-31/manafort-associate-sam-patten-is-charged-with-fara-violation
NA,Konstantin Kilimnik,Begemot Ventures International,association,principal,https://www.washingtonpost.com/local/public-safety/washington-consultant-for-ukraine-party-set-to-plead-guilty-to-violating-lobbyist-disclosure-law/2018/08/31/172cf2c8-ad23-11e8-a8d7-0f63ab8b1370_story.html?utm_term=.a4b412b5de41
NA,Sam Patten,Begemot Ventures International,association,executive,https://www.washingtonpost.com/local/public-safety/washington-consultant-for-ukraine-party-set-to-plead-guilty-to-violating-lobbyist-disclosure-law/2018/08/31/172cf2c8-ad23-11e8-a8d7-0f63ab8b1370_story.html?utm_term=.a4b412b5de41
NA,Begemot Ventures International,US Citizen,payment,50000,https://www.bloomberg.com/news/articles/2018-08-31/patten-caused-foreign-money-to-be-paid-to-inaugural-committee
NA,US Citizen,Trump Inaguration,payment,50000,https://www.bloomberg.com/news/articles/2018-08-31/patten-caused-foreign-money-to-be-paid-to-inaugural-committee
NA,Foreigner B,Trump Inaguration,association,attends with Patten,https://www.washingtonpost.com/local/public-safety/washington-consultant-for-ukraine-party-set-to-plead-guilty-to-violating-lobbyist-disclosure-law/2018/08/31/172cf2c8-ad23-11e8-a8d7-0f63ab8b1370_story.html?utm_term=.a4b412b5de41
NA,Sam Patten,Trump Inaguration,association,attends with Foreigner B,https://www.washingtonpost.com/local/public-safety/washington-consultant-for-ukraine-party-set-to-plead-guilty-to-violating-lobbyist-disclosure-law/2018/08/31/172cf2c8-ad23-11e8-a8d7-0f63ab8b1370_story.html?utm_term=.a4b412b5de41
2015-01-01,Steve Bannon,Cambridge Analytica,association,founded,https://en.wikipedia.org/wiki/Cambridge_Analytica
2015-01-01,Robert Mercer,Cambridge Analytica,association,founded,https://en.wikipedia.org/wiki/Cambridge_Analytica
2018-05-01,Cambridge Analytica,Data Propria,association,becomes,https://en.wikipedia.org/wiki/Cambridge_Analytica
2015-01-01,SCL Group,Cambridge Analytica,association,parent company,https://en.wikipedia.org/wiki/Cambridge_Analytica
2017-08-01,Emerdata,Cambridge Analytica,association,sister company,https://en.wikipedia.org/wiki/Emerdata
2018-03-01,Jennifer Mercer,Emerdata,association,joins board,https://en.wikipedia.org/wiki/Cambridge_Analytica
2018-03-01,Rebekah Anne Mercer,Emerdata,association,joins board,https://en.wikipedia.org/wiki/Cambridge_Analytica
NA,Jennifer Mercer,Robert Mercer,association,familial ties,https://en.wikipedia.org/wiki/Cambridge_Analytica
NA,Rebekah Anne Mercer,Robert Mercer,association,familial ties,https://en.wikipedia.org/wiki/Cambridge_Analytica
2016-03-01,George Papadopoulos,Donald J Trump,association,former adviser,https://en.wikipedia.org/wiki/George_Papadopoulos#Involvement_in_Donald_Trump's_presidential_campaign
2017-10-30,George Papadopoulos,Federal Court,verdict,pleaded guilty,https://en.wikipedia.org/wiki/George_Papadopoulos#Involvement_in_Donald_Trump's_presidential_campaign
NA,George Papadopoulos,Ivan Timofeev,association,meeting,https://www.nbcnews.com/news/us-news/trump-campaign-adviser-george-papadopoulos-pleads-guilty-lying-n815596
NA,Ivan Timofeev,Russian International Affairs Council,association,Programming Director,https://en.wikipedia.org/wiki/Russian_International_Affairs_Council
2010-02-10,Russian International Affairs Council,Russia,association,advises,https://en.wikipedia.org/wiki/Russian_International_Affairs_Council
NA,Spectrum Health,Trump Organization,association,cyber connections,https://www.cnn.com/2017/03/09/politics/fbi-investigation-continues-into-odd-computer-link-between-russian-bank-and-trump-organization/index.html
NA,Dick DeVos,Spectrum Health,association,Leads,https://www.cnn.com/2017/03/09/politics/fbi-investigation-continues-into-odd-computer-link-between-russian-bank-and-trump-organization/index.html
NA,Dick DeVos,Betsy DeVos,association,Married,https://en.m.wikipedia.org/wiki/Dick_DeVos
NA,Betsy DeVos,Dick DeVos,association,Married,https://en.m.wikipedia.org/wiki/Dick_DeVos
2013-01-01,Ken Cuccinelli,Cambridge Analytica,association,assisted by,https://www.washingtonpost.com/news/politics/wp/2018/03/19/everything-you-need-to-know-about-the-cambridge-analytica-facebook-debacle/?utm_term=.e559005562f1
2017-01-15,Kirill Dmitriev,Erik Prince,association,meeting,https://en.m.wikipedia.org/wiki/Kirill_Dmitriev
NA,Kirill Dmitriev,Russian Direct Investment Fund,association,runs,https://en.m.wikipedia.org/wiki/Kirill_Dmitriev
NA,Russian Direct Investment Fund,Vladimir Putin,association,founded by,https://en.m.wikipedia.org/wiki/Russian_Direct_Investment_Fund
2017-01-11,Kirill Dmitriev,Russia,association,represents,https://en.m.wikipedia.org/wiki/Kirill_Dmitriev
2017-01-11,Erik Prince,Trump Organization,association,represents,https://en.m.wikipedia.org/wiki/Kirill_Dmitriev
2017-01-11,Kirill Dmitriev,Seychelles,association,meeting,https://en.m.wikipedia.org/wiki/Kirill_Dmitriev
2017-01-11,Erik Prince,Seychelles,association,meeting,https://en.m.wikipedia.org/wiki/Kirill_Dmitriev
2017-01-11,Seychelles,United Arab Emirates,association,hosts,https://en.m.wikipedia.org/wiki/Kirill_Dmitriev
NA,Russian Direct Investment Fund,United Arab Emirates,association,joint venture,https://www.aljazeera.com/news/2018/04/mueller-probe-kirill-dmitriev-ties-putin-uae-180404131133097.html
NA,United Arab Emirates,Russian Direct Investment Fund,association,joint venture,https://www.aljazeera.com/news/2018/04/mueller-probe-kirill-dmitriev-ties-putin-uae-180404131133097.html
2017-01-11,George Nader,Seychelles,association,meeting,https://www.washingtonpost.com/world/national-security/mueller-gathers-evidence-that-2016-seychelles-meeting-was-effort-to-establish-back-channel-to-kremlin/2018/03/07/b6a5fb8c-224b-11e8-94da-ebf9d112159c_story.html?utm_term=.5b4992d0504f
NA,Jerome Corsi,Roger Stone,association,discussed Wikileaks,https://www.nytimes.com/2018/09/05/us/politics/jerome-corsi-subpoena-mueller-investigation.html
NA,Roger Stone,House Intelligence Committee,association,testifies about Wikileaks,https://www.nytimes.com/2018/09/05/us/politics/jerome-corsi-subpoena-mueller-investigation.html
NA,Jerome Corsi,Ted Malloch,association,edits book,https://www.nbcnews.com/politics/white-house/trump-ally-detained-served-mueller-subpoena-boston-airport-n861456
NA,Ted Malloch,Roger Stone,association,meetings,https://abcnews.go.com/Politics/muellers-agents-asked-roger-stone-trump-supporter/story?id=55450667
NA,Roger Stone,Donald J Trump,association,so loyal and so wonderful,"https://en.wikipedia.org/wiki/Roger_Stone#2010s:_Libertarian_Party_involvement,_Donald_Trump_campaign_and_media_commentary"
2010-06-01,Roger Stone,Kristin Davis,association,campaign manager,"https://en.wikipedia.org/wiki/Roger_Stone#2010s:_Libertarian_Party_involvement,_Donald_Trump_campaign_and_media_commentary"
NA,Roger Stone,Randy Credico,association,claims backchannel to Assange,https://en.wikipedia.org/wiki/Roger_Stone#Accusations_of_role_in_Russian_interference_in_the_2016_United_States_elections
NA,Randy Credico,Julian Assange,association,Stone claims backchannel for Stone,https://en.wikipedia.org/wiki/Roger_Stone#Accusations_of_role_in_Russian_interference_in_the_2016_United_States_elections
2018-03-18,Julian Assange,Roger Stone,association,Clinton Dirt Phonecall,https://en.wikipedia.org/wiki/Roger_Stone#Accusations_of_role_in_Russian_interference_in_the_2016_United_States_elections
2010-06-01,Roger Stone,Carl Paladino,association,campaigned for,"https://en.wikipedia.org/wiki/Roger_Stone#2010s:_Libertarian_Party_involvement,_Donald_Trump_campaign_and_media_commentary"
2010-06-01,Kristin Davis,Carl Paladino,association,competed for Gov,"https://en.wikipedia.org/wiki/Roger_Stone#2010s:_Libertarian_Party_involvement,_Donald_Trump_campaign_and_media_commentary"
2010-06-01,Carl Paladino,Kristin Davis,association,competed for Gov,"https://en.wikipedia.org/wiki/Roger_Stone#2010s:_Libertarian_Party_involvement,_Donald_Trump_campaign_and_media_commentary"
2016-04-21,Dimitri Simes,Center for the National Interest,association,president of,https://amp.thedailybeast.com/putins-friend-had-early-access-to-trumps-infamous-pro-russia-speech
2016-04-21,Staffer,Dimitri Simes,association,photographs draft speech,https://amp.thedailybeast.com/putins-friend-had-early-access-to-trumps-infamous-pro-russia-speech
2016-04-21,Donald J Trump,Dimitri Simes,association,gives draft speech,https://amp.thedailybeast.com/putins-friend-had-early-access-to-trumps-infamous-pro-russia-speech
NA,Maria Butina,Center for the National Interest,association,writer,https://amp.thedailybeast.com/putins-friend-had-early-access-to-trumps-infamous-pro-russia-speech
NA,Center for the National Interest,Russia,association,lobbies for,https://amp.thedailybeast.com/putins-friend-had-early-access-to-trumps-infamous-pro-russia-speech
NA,Richard Burt,Center for the National Interest,association,works for,https://www.politico.com/story/2016/10/donald-trump-campaign-lobbyist-russian-pipeline-229264
NA,Richard Burt,Donald J Trump,association,help write speech,https://www.politico.com/story/2016/10/donald-trump-campaign-lobbyist-russian-pipeline-229264
NA,Richard Burt,Gazprom,association,works for,https://www.politico.com/story/2016/10/donald-trump-campaign-lobbyist-russian-pipeline-229264
NA,Gazprom,Russia,association,controlled by,https://www.politico.com/story/2016/10/donald-trump-campaign-lobbyist-russian-pipeline-229264
2016-05-10,George Papadopoulos,Alexander Downer,association,tells of Clinton Dirt,https://www.nytimes.com/2017/12/30/us/politics/how-fbi-russia-investigation-began-george-papadopoulos.html
NA,Alexander Downer,Australia,association,former diplomat,https://en.wikipedia.org/wiki/Alexander_Downer
2016-04-01,Joseph Mifsud,George Papadopoulos,association,tells of Clinton Dirt,https://en.wikipedia.org/wiki/Joseph_Mifsud
NA,Joseph Mifsud,Russia,association,high level ties,https://en.wikipedia.org/wiki/Joseph_Mifsud
2001-01-01,Tevfik Arif,Bayrock,association,founded,https://en.wikipedia.org/wiki/Bayrock_Group
2003-01-01,Felix Sater,Bayrock,association,managing director,https://en.wikipedia.org/wiki/Bayrock_Group
2007-01-01,Bayrock,Trump SoHo,association,built Trump SoHo,https://en.wikipedia.org/wiki/Bayrock_Group
2007-01-01,Alexander Mashkevitch,Trump SoHo,association,funded,https://en.wikipedia.org/wiki/Bayrock_Group
2007-01-01,Trump Organization,Trump SoHo,association,built Trump SoHo,https://en.wikipedia.org/wiki/Bayrock_Group
2007-01-01,Trump Organization,Bayrock,association,collaborated on Trump SoHo,https://en.wikipedia.org/wiki/Bayrock_Group
2007-01-01,Bayrock,Trump Organization,association,collaborated on Trump SoHo,https://en.wikipedia.org/wiki/Bayrock_Group
2010-09-01,Turkish Police,MV Savarona,association,raided,https://theblacksea.eu/index.php?idT=88&idC=88&idRec=1274&recType=story
2010-09-01,Tevfik Arif,MV Savarona,association,"sexscapaded, raided",https://theblacksea.eu/index.php?idT=88&idC=88&idRec=1274&recType=story
2010-09-01,Patokh Chodiev,MV Savarona,association,"sexscapaded, raided",https://theblacksea.eu/index.php?idT=88&idC=88&idRec=1274&recType=story
2010-09-01,Alexander Mashkevitch,MV Savarona,association,"sexscapaded, raided",https://theblacksea.eu/index.php?idT=88&idC=88&idRec=1274&recType=story
2010-09-01,Kanat Saudabayev,MV Savarona,association,"sexscapaded, raided",https://theblacksea.eu/index.php?idT=88&idC=88&idRec=1274&recType=story
2010-09-01,Alijan Ibragimov,MV Savarona,association,"sexscapaded, raided",https://theblacksea.eu/index.php?idT=88&idC=88&idRec=1274&recType=story
2010-09-01,Musa Bazhaev,MV Savarona,association,"sexscapaded, raided",https://theblacksea.eu/index.php?idT=88&idC=88&idRec=1274&recType=story
2010-09-01,Nine Russian Models,MV Savarona,association,"sexscapaded, raided",https://theblacksea.eu/index.php?idT=88&idC=88&idRec=1274&recType=story
2010-09-01,Musa Bazhaev,Vladimir Putin,association,close to,https://theblacksea.eu/index.php?idT=88&idC=88&idRec=1274&recType=story
NA,Musa Bazhaev,OJSC Alliance Group,association,president of,"https://www.bloomberg.com/research/stocks/private/person.asp?personId=27869557&privcapId=26001801&previousCapId=131620192&previousTitle=Russian%20Platinum,%20PLC"
2003-01-01,Felix Sater,Tevfik Arif,association,reported to,https://en.wikipedia.org/wiki/Bayrock_Group
2014-01-01,Paul Erickson,NRA,association,closely tied,https://www.thedailybeast.com/maria-butinas-beau-snookered-investors-with-a-shady-oil-deal
2014-01-01,Paul Erickson,Investors,association,alledge Bakken defraud,https://www.thedailybeast.com/maria-butinas-beau-snookered-investors-with-a-shady-oil-deal
2018-09-10,Maria Butina,Jail,association,without bail,https://twitter.com/NBCNews/status/1039225264063033345
2016-06-01,Maria Butina,Donald Trump Jr,association,dinner @ NRA,https://www.nytimes.com/2018/08/04/us/politics/maria-butina-nra-russia-influence.html
2014-01-01,Maria Butina,NRA,association,closely tied,https://www.nytimes.com/2018/08/04/us/politics/maria-butina-nra-russia-influence.html
2016-06-09,Rob Goldstone,Trump Tower,association,meeting,https://www.buzzfeednews.com/article/anthonycormier/trump-tower-meeting-suspicious-transactions-agalarov
2016-06-09,Irakly Kaveladze,Trump Tower,association,meeting,https://www.buzzfeednews.com/article/anthonycormier/trump-tower-meeting-suspicious-transactions-agalarov
NA,Irakly Kaveladze,Aras Agalarov,association,long-time assoc,https://www.buzzfeednews.com/article/anthonycormier/trump-tower-meeting-suspicious-transactions-agalarov
NA,Aras Agalarov,Donald J Trump,association,close ties,https://www.buzzfeednews.com/article/anthonycormier/trump-tower-meeting-suspicious-transactions-agalarov
NA,Aras Agalarov,Vladimir Putin,association,close ties,https://www.buzzfeednews.com/article/anthonycormier/trump-tower-meeting-suspicious-transactions-agalarov
NA,Emin Agalarov,Aras Agalarov,association,familial ties,https://www.buzzfeednews.com/article/anthonycormier/trump-tower-meeting-suspicious-transactions-agalarov
NA,Rob Goldstone,Emin Agalarov,association,represents,https://www.buzzfeednews.com/article/anthonycormier/trump-tower-meeting-suspicious-transactions-agalarov
2016-11-21,Aras Agalarov,Emin Agalarov,payment,165000,https://www.buzzfeednews.com/article/anthonycormier/trump-tower-meeting-suspicious-transactions-agalarov
2016-11-22,Emin Agalarov,Irakly Kaveladze,payment,107000,https://www.buzzfeednews.com/article/anthonycormier/trump-tower-meeting-suspicious-transactions-agalarov
2018-09-14,Paul Manafort,Federal Court,verdict,pleads guilty to conspiracy,https://www.cnbc.com/2018/09/14/trump-campaign-chief-paul-manafort-pleads-guilty-to-conspiracy-charges.html
2012-10-01,Paul Manafort,Media,association,bada bing bada boom,https://www.cnn.com/2018/09/14/politics/paul-manafort-plea/index.html
2012-10-01,Paul Manafort,Iraeli Official,association,anti-semetic accusation,https://www.cnn.com/2018/09/14/politics/paul-manafort-plea/index.html
2012-10-01,Iraeli Official,Paul Manafort,association,anti-semetic accusation,https://www.cnn.com/2018/09/14/politics/paul-manafort-plea/index.html
2012-10-29,Media,Sr Obama Official,association,accused of anti semitism,https://www.breitbart.com/national-security/2012/10/29/clinton-ukraine-tymoshenko-anti-semitism/
2012-10-01,Paul Manafort,Skadden Law Firm,association,solicited to write report,https://www.cnn.com/2018/09/14/politics/greg-craig-foreign-agent-registration-investigation/index.html
2012-10-01,Skadden Law Firm,Greg Craig,association,employs,https://www.cnn.com/2018/09/14/politics/greg-craig-foreign-agent-registration-investigation/index.html
2012-10-01,Greg Craig,Yulia Tymoshenko,association,wrote critical report of,https://www.cnn.com/2018/09/14/politics/greg-craig-foreign-agent-registration-investigation/index.html
NA,Yulia Tymoshenko,Ukraine,association,former PM,https://www.cnn.com/2018/09/14/politics/greg-craig-foreign-agent-registration-investigation/index.html
NA,Viktor Yanukovych,Yulia Tymoshenko,association,bitter rivals,https://www.cnn.com/2018/09/14/politics/greg-craig-foreign-agent-registration-investigation/index.html
NA,Yulia Tymoshenko,Viktor Yanukovych,association,bitter rivals,https://www.cnn.com/2018/09/14/politics/greg-craig-foreign-agent-registration-investigation/index.html
2012-10-01,Greg Craig,Media,association,promotes report,https://www.cnn.com/2018/09/14/politics/greg-craig-foreign-agent-registration-investigation/index.html
2012-10-01,Paul Manafort,Skadden Law Firm,payment,4600000,https://www.cnn.com/2018/09/14/politics/greg-craig-foreign-agent-registration-investigation/index.html
2012-10-01,Paul Manafort,Skadden Law Firm,association,hidden payments,https://www.cnn.com/2018/09/14/politics/greg-craig-foreign-agent-registration-investigation/index.html
NA,Dmitry Firtash,Semion Mogilevich,association,front man for,https://talkingpointsmemo.com/news/why-a-powerful-russian-oligarch-was-furious-with-paul-manafort
NA,Paul Manafort,Dmitry Firtash,association,pitched Bulgari Tower,https://talkingpointsmemo.com/news/why-a-powerful-russian-oligarch-was-furious-with-paul-manafort
NA,Dmitry Firtash,RosUkrEnergo,association,president of,https://talkingpointsmemo.com/news/why-a-powerful-russian-oligarch-was-furious-with-paul-manafort
NA,Dmitry Firtash,Paul Manafort,investment,25000000,https://talkingpointsmemo.com/news/why-a-powerful-russian-oligarch-was-furious-with-paul-manafort
NA,Gazprom,RosUkrEnergo,association,granted monopoly,https://talkingpointsmemo.com/news/why-a-powerful-russian-oligarch-was-furious-with-paul-manafort
NA,Ilyas Khrapunov,Bayrock,payment,3200000,https://www.bloomberg.com/news/features/2017-12-11/was-trump-soho-used-to-hide-part-of-a-kazakh-bank-s-missing-billions
NA,Mukhtar Ablyazov,Ilyas Khrapunov,association,father-in-law,https://www.bloomberg.com/news/features/2017-12-11/was-trump-soho-used-to-hide-part-of-a-kazakh-bank-s-missing-billions
NA,Mukhtar Ablyazov,BTA Bank,association,former chairman,https://www.newsweek.com/british-high-court-backs-banks-case-against-kazakhs-who-allegedly-laundered-1088665
NA,BTA Bank,Ilyas Khrapunov,fine,500000000,https://www.newsweek.com/british-high-court-backs-banks-case-against-kazakhs-who-allegedly-laundered-1088665
NA,Mukhtar Ablyazov,BTA Bank,association,alleged embezzled $6B,https://www.newsweek.com/british-high-court-backs-banks-case-against-kazakhs-who-allegedly-laundered-1088665
NA,Ilyas Khrapunov,Viktor Khrapunov,association,son,https://www.newsweek.com/british-high-court-backs-banks-case-against-kazakhs-who-allegedly-laundered-1088665
NA,Viktor Khrapunov,Felix Sater,association,deep business ties,https://www.newsweek.com/british-high-court-backs-banks-case-against-kazakhs-who-allegedly-laundered-1088665
NA,Ilyas Khrapunov,Trump SoHo,association,bought condos,https://www.bloomberg.com/news/features/2017-12-11/was-trump-soho-used-to-hide-part-of-a-kazakh-bank-s-missing-billions
NA,Elvira Kudryashova,Trump SoHo,association,beneficial owner of condos,https://www.newsweek.com/british-high-court-backs-banks-case-against-kazakhs-who-allegedly-laundered-1088665
NA,Ilyas Khrapunov,Elvira Kudryashova,association,brother of,NA
NA,Elvira Kudryashova,Ilyas Khrapunov,association,sister of,NA
NA,Elvira Kudryashova,Viktor Khrapunov,association,step-daughter,NA
NA,Randy Credico,Roger Stone,association,denies being backchannel,https://www.motherjones.com/politics/2018/09/roger-stone-offered-to-assist-his-alleged-wikileaks-source-randy-credico-with-legal-expenses/
NA,Donald J Trump,Brett Kavanaugh,association,nominates for Supreme Court,NA
NA,Brett Kavanaugh,Anthony Kennedy,association,nominated for seat,NA
NA,Christine Blasey Ford,Brett Kavanaugh,association,accuses of sexual assault,https://www.nytimes.com/2018/09/26/us/politics/kavanaugh-calendar.html
NA,Deborah Ramirez,Brett Kavanaugh,association,accuses of exposure,https://www.nytimes.com/2018/09/26/us/politics/kavanaugh-calendar.html
NA,Julie Swetnick,Brett Kavanaugh,association,accuses of gang rape,https://www.nytimes.com/2018/09/26/us/politics/kavanaugh-calendar.html
NA,Brett Kavanaugh,The Supreme Court,association,nominated for seat,https://www.nytimes.com/2018/09/26/us/politics/kavanaugh-calendar.html
2016-07-01,Simon Kukes,Trump Organization,payment,273000,https://www.theguardian.com/us-news/2018/sep/28/russian-us-tycoon-boasted-of-active-involvement-in-trump-election-campaign-simon-kukes
NA,Simon Kukes,TNK-BP,association,Ex-president,https://www.theguardian.com/us-news/2018/sep/28/russian-us-tycoon-boasted-of-active-involvement-in-trump-election-campaign-simon-kukes
NA,Viktor Vekselberg,TNK-BP,association,Ex-board,https://www.theguardian.com/us-news/2018/sep/28/russian-us-tycoon-boasted-of-active-involvement-in-trump-election-campaign-simon-kukes
NA,Vyacheslav Pavlovsky,Simon Kukes,association,patronage,https://www.theguardian.com/us-news/2018/sep/28/russian-us-tycoon-boasted-of-active-involvement-in-trump-election-campaign-simon-kukes
NA,Vyacheslav Pavlovsky,Foreign Ministry,association,Ex-Diplomat,https://www.theguardian.com/us-news/2018/sep/28/russian-us-tycoon-boasted-of-active-involvement-in-trump-election-campaign-simon-kukes
NA,Foreign Ministry,Russia,association,Inside of,https://www.theguardian.com/us-news/2018/sep/28/russian-us-tycoon-boasted-of-active-involvement-in-trump-election-campaign-simon-kukes
NA,German Khan,TNK-BP,association,ex-board,https://www.theguardian.com/us-news/2018/sep/28/russian-us-tycoon-boasted-of-active-involvement-in-trump-election-campaign-simon-kukes
NA,Mikhail Fridman,TNK-BP,association,ex-board,https://www.theguardian.com/us-news/2018/sep/28/russian-us-tycoon-boasted-of-active-involvement-in-trump-election-campaign-simon-kukes
NA,Len Blavatnik,TNK-BP,association,ex-board,https://www.theguardian.com/us-news/2018/sep/28/russian-us-tycoon-boasted-of-active-involvement-in-trump-election-campaign-simon-kukes
NA,Len Blavatnik,Trump Inaguration,payment,1000000,https://www.theguardian.com/us-news/2018/sep/28/russian-us-tycoon-boasted-of-active-involvement-in-trump-election-campaign-simon-kukes
NA,Len Blavatnik,Republican National Committee,payment,113600,https://www.theguardian.com/us-news/2018/sep/28/russian-us-tycoon-boasted-of-active-involvement-in-trump-election-campaign-simon-kukes
NA,Justin Kennedy,LNR Property LLC,association,co-CEO,https://medium.com/@gaberusk/the-kennedy-kushner-and-trump-connection-a-curious-conversation-and-a-business-deal-c81dd578ce83
NA,Tobin Cobb,LNR Property LLC,association,co-CEO,https://medium.com/@gaberusk/the-kennedy-kushner-and-trump-connection-a-curious-conversation-and-a-business-deal-c81dd578ce83
NA,Jared Kushner,Justin Kennedy,association,renegotiate loan,https://medium.com/@gaberusk/the-kennedy-kushner-and-trump-connection-a-curious-conversation-and-a-business-deal-c81dd578ce83
NA,Justin Kennedy,Jared Kushner,association,renegotiate loan,https://medium.com/@gaberusk/the-kennedy-kushner-and-trump-connection-a-curious-conversation-and-a-business-deal-c81dd578ce83
NA,Jared Kushner,Donald J Trump,association,son-in-law,NA
NA,Donald J Trump,Jared Kushner,association,father-in-law,NA
NA,Spectrum Health,Alfa Bank,association,possible communications,https://www.newyorker.com/magazine/2018/10/15/was-there-a-connection-between-a-russian-bank-and-the-trump-campaign
NA,Alfa Bank,Spectrum Health,association,possible communications,https://www.newyorker.com/magazine/2018/10/15/was-there-a-connection-between-a-russian-bank-and-the-trump-campaign
2018-10-09,Kazakhstan Court,Viktor Khrapunov,verdict,sentenced in abstentia,https://www.rferl.org/a/former-almaty-mayor-wife-convicted-and-sentenced-in-absentia/29531776.html
NA,Solntsevskaya Bratva,Mikhail Fridman,association,ties,https://medium.com/@ninaandtito/alfa-oligarch-mikhail-fridman-b97be38078a3
NA,Solntsevskaya Bratva,Semion Mogilevich,association,controlled by,https://medium.com/@ninaandtito/alfa-oligarch-mikhail-fridman-b97be38078a3
NA,Solntsevskaya Bratva,Russia,association,mafia,https://en.wikipedia.org/wiki/Solntsevskaya_Bratva
